id_vendedor,nombre
1,Brodie Macqueen
2,Madeleine Samson
3,Alexandra Godfrey
4,Gabrielle Mason
5,Marcus Brett
6,Koby Clarkson
7,Isaac Leach
8,Connor Wickham
9,Jasper Witt
10,Zac Kotai
11,Adam Emery
12,Lara Dietrich
13,Thomas Challis
14,Andrew To Rot
15,Annabelle Grishin
16,Brooke Ride
17,Isla Ramsbotham
18,Amelia Brooke
19,Tyler Bourke
20,Callum Buggy
21,George Collocott
22,Alannah Wesch
23,Eva Santo
24,Aaron Laver
25,Rebecca Labilliere
26,Jai Russell
27,Cameron Iverson
28,Flynn Leist
29,Matilda Summerfield
30,Jamie Walsh
31,Hunter Afford
32,Madeleine Skirving
33,Claire Brady
34,Flynn Kirby
35,Claire Warne-Smith
36,Nicholas Bancks
37,Zane Witt
38,Amber Karloan
39,Alice Govett
40,Alannah Biscoe
41,Lauren Daplyn
42,Molly Lenehan
43,James Spedding
44,Adam Earp
45,Kiara Icely
46,Hannah Mullen
47,Liam Buck
48,Hunter Refshauge
49,Rebecca Mofflin
50,Keira Houlding
51,Hayden Minifie
52,Victoria Crowley
53,Indiana Hampton
54,Caleb Gregor
55,Charles Hotham
56,Charli Cimitiere
57,Alexander Dumaresq
58,Leo Andrade
59,Amelia Betts
60,Hayden Aikenhead
61,Isaac John
62,Savannah Buttenshaw
63,Tahlia Arek
64,Jessica Bolton
65,Matilda Ciantar
66,Spencer Brooker
67,Liam Curley
68,Alyssa Stoneman
69,Declan Lane
70,Taj Cantor
71,Ben Merrett
72,Rory Bulcock
73,Timothy Krefft
74,Abbey Horner
75,Piper Griffen
76,Kate Herington
77,Andrew Bromley
78,Aiden Lindon
79,Eve Ashburn
80,Sophia Begg
81,Maddison Hanton
82,Jamie Miljanovic
83,Abbey McGlinn
84,Eva Bergin
85,Hayley Baylis
86,Angelina Blomfield
87,Jasper Feetham
88,Elizabeth Grace
89,Jeremy Bayley
90,Jett Ewart
91,Christopher O'Loghlen
92,Ethan Anthon
93,Victoria Lester
94,Samuel Snodgrass
95,Riley Gillen
96,Lilian Blanchard
97,Ruby Buley
98,Abbey Sparkes
99,Rachel Ord
100,Sophia Halligan
